{"cameraMode":{"drawMode":0,"name":"Shaded","section":"Shading Mode"},"sceneLighting":true,"audioPlay":false,"sceneViewState":{"m_AlwaysRefresh":false,"showFog":true,"showSkybox":true,"showFlares":true,"showImageEffects":true,"showParticleSystems":true,"showVisualEffectGraphs":true,"m_FxEnabled":true},"in2DMode":false,"pivot":{"x":-0.25822538137435915,"y":0.19437885284423829,"z":-1.3714327812194825},"rotation":{"x":0.3595390021800995,"y":0.43357333540916445,"z":-0.19409209489822389,"w":0.8031722903251648},"size":9.102048873901368,"orthographic":true}